company_name|symbol|sector_name|subsector_name|listing_date
2GO GROUP, INC.| 2GO |||May 15, 1995
8990 Holdings, Inc. Series B Perpetual Preferred Shares|8990B|PROPERTY|PROPERTY|February 10, 2021
8990 Holdings, Inc. Series A Perpetual Preferred Shares|8990P|PROPERTY|PROPERTY|December 01, 2017
Asia Amalgamated Holdings Corporation|AAA|HOLDING FIRMS|HOLDING FIRMS|March 22, 1973
Atok-Big Wedge Co., Inc.|AB|MINING & OIL|MINING|January 08, 1948
AbaCore Capital Holdings, Inc.|ABA|HOLDING FIRMS|HOLDING FIRMS|October 28, 1987
Asiabest Group International Inc.|ABG|HOLDING FIRMS|HOLDING FIRMS|July 10, 1979
ABS-CBN Corporation|ABS|SERVICES|MEDIA|July 08, 1992
ABS-CBN Holdings Corporation - Philippine Deposit Receipts|ABSP|SERVICES|MEDIA|October 07, 1999
Ayala Corporation|AC|HOLDING FIRMS|HOLDING FIRMS|November 08, 1976
Acesite (Phils.) Hotel Corporation|ACE|SERVICES|HOTEL & LEISURE|December 05, 1986
ACEN CORPORATION|ACEN|INDUSTRIAL|ELEC., ENERGY, POWER & WATER|January 05, 1970
ACEN Corporation Perpetual Series A Preferred Shares|ACENA|INDUSTRIAL|ELEC., ENERGY, POWER & WATER|September 01, 2023
ACEN Corporation Perpetual Series B Preferred Shares|ACENB|INDUSTRIAL|ELEC., ENERGY, POWER & WATER|September 01, 2023
Ayala Corporation Preferred Class ``A`` Shares|ACPA|HOLDING FIRMS|HOLDING FIRMS|November 25, 2008
Ayala Corporation Non-Voting Perpetual Preferred A Shares|ACPAR|HOLDING FIRMS|HOLDING FIRMS|May 29, 2023
Ayala Corporation Class ``B`` Series 1 Preferred Shares|ACPB1|HOLDING FIRMS|HOLDING FIRMS|July 21, 2006
Alsons Consolidated Resources, Inc.|ACR|INDUSTRIAL|ELEC., ENERGY, POWER & WATER|April 12, 1993
Aboitiz Equity Ventures, Inc.|AEV|HOLDING FIRMS|HOLDING FIRMS|November 16, 1994
Alliance Global Group, Inc.|AGI|HOLDING FIRMS|HOLDING FIRMS|April 19, 1999
Arthaland Corporation|ALCO|PROPERTY|PROPERTY|March 19, 1996
Arthaland Corporation Series ``B`` Perpetual Preferred Shares|ALCPB|PROPERTY|PROPERTY|December 06, 2016
Arthaland Corporation Series ``C`` Perpetual Preferred Shares|ALCPC|PROPERTY|PROPERTY|June 27, 2019
Arthaland Corporation Series ``D`` Preferred Shares|ALCPD|PROPERTY|PROPERTY|December 03, 2021
Anchor Land Holdings, Inc.|ALHI|PROPERTY|PROPERTY|August 08, 2007
Ayala Land, Inc.|ALI|PROPERTY|PROPERTY|July 05, 1991
AllDay Marts, Inc.|ALLDY|SERVICES|RETAIL|November 03, 2021
AyalaLand Logistics Holdings Corp.|ALLHC|PROPERTY|PROPERTY|February 28, 1990
Alternergy Holdings Corporation|ALTER|INDUSTRIAL|ELEC., ENERGY, POWER & WATER|March 24, 2023
AgriNurture, Inc.|ANI|INDUSTRIAL|FOOD, BEVERAGE & TOBACCO|May 25, 2009
A. Soriano Corporation|ANS|HOLDING FIRMS|HOLDING FIRMS|October 25, 1973
Aboitiz Power Corporation|AP|INDUSTRIAL|ELEC., ENERGY, POWER & WATER|July 16, 2007
Ayala Corporation Class ``B`` Series 2 Preferred Shares|APB2R|HOLDING FIRMS|HOLDING FIRMS|November 29, 2019
APC Group, Inc.|APC|SERVICES|OTHER SERVICES|March 08, 1994
Apollo Global Capital, Inc.|APL|SERVICES|INFORMATION TECHNOLOGY|October 18, 2012
Anglo Philippine Holdings Corporation|APO|HOLDING FIRMS|HOLDING FIRMS|July 31, 1959
Altus Property Ventures, Inc.|APVI|PROPERTY|PROPERTY|June 26, 2020
Apex Mining Co., Inc.|APX|MINING & OIL|MINING|March 07, 1974
Abra Mining & Industrial Corporation|AR|MINING & OIL|MINING|December 24, 1969
Araneta Properties, Inc.|ARA|PROPERTY|PROPERTY|November 14, 1989
AREIT, Inc.|AREIT|PROPERTY|PROPERTY|August 13, 2020
Raslag Corp.|ASLAG|INDUSTRIAL|ELEC., ENERGY, POWER & WATER|June 06, 2022
Atlas Consolidated Mining and Development Corporation|AT|MINING & OIL|MINING|November 17, 1970
Asian Terminals, Inc.|ATI|SERVICES|TRANSPORTATION SERVICES|January 25, 1996
ATN Holdings, Inc. ``A``|ATN|HOLDING FIRMS|HOLDING FIRMS|September 24, 1970
ATN Holdings, Inc. ``B``|ATNB|HOLDING FIRMS|HOLDING FIRMS|September 24, 1970
Asia United Bank Corporation|AUB|FINANCIALS|BANKS|May 17, 2013
Axelum Resources Corp.|AXLM|INDUSTRIAL|FOOD, BEVERAGE & TOBACCO|October 07, 2019
Balai Ni Fruitas Inc.|BALAI|SME|SME|June 30, 2022
Benguet Corporation ``A``|BC|MINING & OIL|MINING|January 04, 1950
Benguet Corporation ``B``|BCB|MINING & OIL|MINING|January 04, 1950
Berjaya Philippines, Inc.|BCOR|SERVICES|RETAIL|November 29, 1948
Benguet Corporation - 8% Cumulative Convertible Preferred A|BCP|MINING & OIL|MINING|May 29, 1974
BDO Unibank, Inc.|BDO|FINANCIALS|BANKS|May 21, 2002
Belle Corporation|BEL|SERVICES|CASINOS & GAMING|February 02, 1977
BHI Holdings, Inc.|BH|HOLDING FIRMS|HOLDING FIRMS|November 02, 1966
Boulevard Holdings, Inc.|BHI|SERVICES|HOTEL & LEISURE|April 28, 1997
Bright Kindle Resources & Investments Inc.|BKR|FINANCIALS|OTHER FINANCIAL INSTITUTIONS|March 21, 1995
Bloomberry Resorts Corporation|BLOOM|SERVICES|CASINOS & GAMING|October 17, 2000
Bogo-Medellin Milling Co., Inc.|BMM|INDUSTRIAL|FOOD, BEVERAGE & TOBACCO|November 16, 1950
Bank of Commerce|BNCOM|FINANCIALS|BANKS|March 31, 2022
Bank of the Philippine Islands|BPI|FINANCIALS|BANKS|October 12, 1971
A Brown Company, Inc.|BRN|PROPERTY|PROPERTY|February 08, 1994
A Brown Company, Inc. Series A Preferred Shares|BRNP|PROPERTY|PROPERTY|November 29, 2021
Basic Energy Corporation|BSC|INDUSTRIAL|ELEC., ENERGY, POWER & WATER|October 16, 1973
Chelsea Logistics and Infrastructure Holdings Corp.|C|SERVICES|TRANSPORTATION SERVICES|August 08, 2017
Concrete Aggregates Corp. ``A``|CA|INDUSTRIAL|CONSTRUCTION, INFR. & ALLIED|October 20, 1972
Concrete Aggregates Corp. ``B``|CAB|INDUSTRIAL|CONSTRUCTION, INFR. & ALLIED|April 02, 1973
Central Azucarera de Tarlac, Inc.|CAT|INDUSTRIAL|FOOD, BEVERAGE & TOBACCO|April 12, 1977
Cityland Development Corporation|CDC|PROPERTY|PROPERTY|August 02, 1983
Cebu Air, Inc.|CEB|SERVICES|TRANSPORTATION SERVICES|October 26, 2010
Cebu Air, Inc. Convertible Preferred Shares|CEBCP|SERVICES|TRANSPORTATION SERVICES|March 29, 2021
Crown Equities, Inc.|CEI|PROPERTY|PROPERTY|August 16, 1994
Centro Escolar University|CEU|SERVICES|EDUCATION|November 10, 1986
Cebu Holdings, Inc.|CHI|PROPERTY|PROPERTY|February 14, 1994
China Banking Corporation|CHIB|FINANCIALS|BANKS|September 01, 1927
Cemex Holdings Philippines, Inc.|CHP|INDUSTRIAL|CONSTRUCTION, INFR. & ALLIED|July 18, 2016
Concepcion Industrial Corporation|CIC|INDUSTRIAL|ELECTRICAL COMPONENTS & EQUIP.|November 27, 2013
Chemical Industries of the Philippines, Inc.|CIP|INDUSTRIAL|CHEMICALS|November 21, 1985
Cebu Landmasters, Inc.|CLI|PROPERTY|PROPERTY|June 02, 2017
Century Pacific Food, Inc.|CNPF|INDUSTRIAL|FOOD, BEVERAGE & TOBACCO|May 06, 2014
Converge Information and Communications Technology Solutions, Inc.|CNVRG|SERVICES|INFORMATION TECHNOLOGY|October 26, 2020
Coal Asia Holdings Incorporated|COAL|MINING & OIL|MINING|October 23, 2012
COL Financial Group, Inc.|COL|FINANCIALS|OTHER FINANCIAL INSTITUTIONS|July 12, 2006
Cosco Capital, Inc.|COSCO|HOLDING FIRMS|HOLDING FIRMS|September 26, 1988
Century Properties Group Inc.|CPG|PROPERTY|PROPERTY|June 16, 1976
Century Properties Group Inc. Preferred A Shares|CPGP|PROPERTY|PROPERTY|January 10, 2020
Century Peak Holdings Corporation|CPM|MINING & OIL|MINING|October 06, 2009
Citicore Energy REIT Corp.|CREIT|PROPERTY|PROPERTY|February 22, 2022
Crown Asia Chemicals Corporation|CROWN|INDUSTRIAL|CHEMICALS|April 27, 2015
Citystate Savings Bank, Inc.|CSB|FINANCIALS|BANKS|January 03, 2002
CTS Global Equity Group, Inc.|CTS|SME|SME|April 13, 2022
Cyber Bay Corporation|CYBR|PROPERTY|PROPERTY|March 19, 1991
DoubleDragon Corporation|DD|PROPERTY|PROPERTY|April 07, 2014
DDMP REIT, Inc.|DDMPR|PROPERTY|PROPERTY|March 24, 2021
DoubleDragon Properties Corp. Preferred Shares|DDPR|PROPERTY|PROPERTY|July 26, 2016
Del Monte Pacific Limited|DELM|INDUSTRIAL|FOOD, BEVERAGE & TOBACCO|June 10, 2013
DFNN, Inc.|DFNN|SERVICES|INFORMATION TECHNOLOGY|October 30, 2000
Dominion Holdings, Inc.|DHI|FINANCIALS|OTHER FINANCIAL INSTITUTIONS|January 06, 1997
DITO CME Holdings Corp.|DITO|SERVICES|INFORMATION TECHNOLOGY|October 01, 1975
Dizon Copper-Silver Mines, Inc.|DIZ|MINING & OIL|MINING|February 10, 1988
DMCI Holdings, Inc.|DMC|HOLDING FIRMS|HOLDING FIRMS|December 18, 1995
DMCI Holdings, Inc. - Cumulative Convertible Preferred|DMCP|HOLDING FIRMS|HOLDING FIRMS|April 07, 1997
Del Monte Pacific Limited U.S. Dollar-Denominated Series A-1 Preference Shares|DMPA1|INDUSTRIAL|FOOD, BEVERAGE & TOBACCO|April 07, 2017
Del Monte Pacific Limited U.S. Dollar-Denominated Series A-2 Preference Shares|DMPA2|INDUSTRIAL|FOOD, BEVERAGE & TOBACCO|December 15, 2017
D.M. Wenceslao & Associates, Incorporated|DMW|PROPERTY|PROPERTY|June 29, 2018
Philab Holdings Corp.|DNA|SME|SME|September 03, 2009
D&L Industries, Inc.|DNL|INDUSTRIAL|FOOD, BEVERAGE & TOBACCO|December 12, 2012
PLDT INC. -USD|DTEL|SERVICES|TELECOMMUNICATIONS|July 16, 2003
Discovery World Corporation|DWC|SERVICES|HOTEL & LEISURE|November 21, 2013
Easycall Communications Philippines, Inc.|ECP|SERVICES|OTHER SERVICES|May 05, 1992
East Coast Vulcan Corporation|ECVC|INDUSTRIAL|CONSTRUCTION, INFR. & ALLIED|August 31, 1970
EEI Corporation|EEI|INDUSTRIAL|CONSTRUCTION, INFR. & ALLIED|July 21, 1975
EEI Corporation Series A Preferred Shares|EEIPA|INDUSTRIAL|CONSTRUCTION, INFR. & ALLIED|December 23, 2021
EEI Corporation Series B Preferred Shares|EEIPB|INDUSTRIAL|CONSTRUCTION, INFR. & ALLIED|December 23, 2021
IP E-Game Ventures, Inc.|EG|SERVICES|CASINOS & GAMING|February 17, 2010
Empire East Land Holdings, Inc.|ELI|PROPERTY|PROPERTY|June 28, 1996
Emperador Inc.|EMI|INDUSTRIAL|FOOD, BEVERAGE & TOBACCO|December 19, 2011
ENEX Energy Corp.|ENEX|MINING & OIL|OIL|August 28, 2014
Euro-Med Laboratories Phil., Inc.|EURO|INDUSTRIAL|CHEMICALS|July 02, 1998
Ever-Gotesco Resources and Holdings, Inc.|EVER|PROPERTY|PROPERTY|September 16, 1996
East West Banking Corporation|EW|FINANCIALS|BANKS|May 07, 2012
First Abacus Financial Holdings Corp.|FAF|FINANCIALS|OTHER FINANCIAL INSTITUTIONS|November 17, 1994
San Miguel Food and Beverage, Inc.|FB|INDUSTRIAL|FOOD, BEVERAGE & TOBACCO|October 28, 1971
San Miguel Food and Beverage, Inc. - Preferred|FBP|INDUSTRIAL|FOOD, BEVERAGE & TOBACCO|March 03, 2011
San Miguel Food and Beverage, Inc. Perpetual Preferred Shares Series ``2``|FBP2|INDUSTRIAL|FOOD, BEVERAGE & TOBACCO|March 12, 2015
Figaro Coffee Group, Inc.|FCG|INDUSTRIAL|FOOD, BEVERAGE & TOBACCO|January 24, 2022
Filinvest Development Corporation|FDC|HOLDING FIRMS|HOLDING FIRMS|December 22, 1982
Ferronoux Holdings, Inc.|FERRO|FINANCIALS|OTHER FINANCIAL INSTITUTIONS|August 13, 2013
Far Eastern University, Incorporated|FEU|SERVICES|EDUCATION|July 11, 1986
Filipino Fund, Inc.|FFI|FINANCIALS|OTHER FINANCIAL INSTITUTIONS|September 27, 1995
First Gen Corporation|FGEN|INDUSTRIAL|ELEC., ENERGY, POWER & WATER|February 10, 2006
First Gen Corporation Series ``G`` Preferred Shares|FGENG|INDUSTRIAL|ELEC., ENERGY, POWER & WATER|May 17, 2012
Filinvest REIT Corp.|FILRT|PROPERTY|PROPERTY|August 12, 2021
F&J Prince Holdings Corporation ``A``|FJP|HOLDING FIRMS|HOLDING FIRMS|December 08, 1982
F&J Prince Holdings Corporation ``B``|FJPB|HOLDING FIRMS|HOLDING FIRMS|December 08, 1982
Filinvest Land, Inc.|FLI|PROPERTY|PROPERTY|October 25, 1993
First Metro Philippine Equity Exchange Traded Fund, Inc.|FMETF|ETF|ETF-EQUITY|December 02, 2013
Global Ferronickel Holdings, Inc.|FNI|MINING & OIL|MINING|December 14, 1994
Alliance Select Foods International, Inc.|FOOD|INDUSTRIAL|FOOD, BEVERAGE & TOBACCO|November 08, 2006
First Philippine Holdings Corporation|FPH|INDUSTRIAL|ELEC., ENERGY, POWER & WATER|May 23, 1963
Forum Pacific, Inc.|FPI|HOLDING FIRMS|HOLDING FIRMS|December 19, 1994
Fruitas Holdings, Inc.|FRUIT|INDUSTRIAL|FOOD, BEVERAGE & TOBACCO|November 29, 2019
Filsyn Corporation ``A``|FYN|INDUSTRIAL|OTHER INDUSTRIALS|June 03, 1975
Filsyn Corporation ``B``|FYNB|INDUSTRIAL|OTHER INDUSTRIALS|June 03, 1975
GEOGRACE Resources Philippines, Inc.|GEO|MINING & OIL|MINING|February 07, 1972
Global-Estate Resorts, Inc.|GERI|PROPERTY|PROPERTY|November 23, 1995
Globe Telecom, Inc.|GLO|SERVICES|TELECOMMUNICATIONS|August 11, 1975
Globe Telecom, Inc. Series A Voting Perpetual Preferred Shares|GLOPA|SERVICES|TELECOMMUNICATIONS|June 29, 2001
Globe Telecom, Inc. Series A Non-Voting Perpetual Preferred Shares|GLOPP|SERVICES|TELECOMMUNICATIONS|August 22, 2014
GMA Network, Inc.|GMA7|SERVICES|MEDIA|July 30, 2007
GMA Holdings, Inc. - Philippine Deposit Receipts|GMAP|SERVICES|MEDIA|July 30, 2007
Grand Plaza Hotel Corporation|GPH|SERVICES|HOTEL & LEISURE|December 10, 1992
Greenergy Holdings Incorporated|GREEN|INDUSTRIAL|ELECTRICAL COMPONENTS & EQUIP.|September 26, 1996
Ginebra San Miguel, Inc.|GSMI|INDUSTRIAL|FOOD, BEVERAGE & TOBACCO|April 18, 1995
GT Capital Holdings, Inc.|GTCAP|HOLDING FIRMS|HOLDING FIRMS|April 20, 2012
GT Capital Holdings, Inc. Non-Voting Perpetual Preferred Shares Series ``A``|GTPPA|HOLDING FIRMS|HOLDING FIRMS|October 27, 2016
GT Capital Holdings, Inc. Non-Voting Perpetual Preferred Shares Series ``B``|GTPPB|HOLDING FIRMS|HOLDING FIRMS|October 27, 2016
House of Investments, Inc.|HI|HOLDING FIRMS|HOLDING FIRMS|July 02, 1962
HOLCIM PHILIPPINES, INC.|HLCM|||June 17, 1996
AllHome Corp.|HOME|SERVICES|RETAIL|October 10, 2019
8990 Holdings, Inc.|HOUSE|PROPERTY|PROPERTY|December 09, 2010
Haus Talk, Inc.|HTI|SME|SME|January 17, 2022
Golden MV Holdings, Inc.|HVN|PROPERTY|PROPERTY|June 29, 2016
I-Remit, Inc.|I|FINANCIALS|OTHER FINANCIAL INSTITUTIONS|October 17, 2007
International Container Terminal Services, Inc.|ICT|SERVICES|TRANSPORTATION SERVICES|March 23, 1992
Italpinas Development Corporation|IDC|SME|SME|December 07, 2015
Integrated Micro-Electronics, Inc.|IMI|INDUSTRIAL|ELECTRICAL COMPONENTS & EQUIP.|January 21, 2010
Imperial Resources, Inc.|IMP|SERVICES|INFORMATION TECHNOLOGY|August 31, 1970
Philippine Infradev Holdings Inc.|INFRA|PROPERTY|PROPERTY|February 27, 1978
Ionics, Inc.|ION|INDUSTRIAL|ELECTRICAL COMPONENTS & EQUIP.|July 18, 1995
IPM Holdings, Inc.|IPM|SERVICES|OTHER SERVICES|June 17, 1998
iPeople, Inc.|IPO|SERVICES|EDUCATION|January 24, 1990
Island Information & Technology, Inc.|IS|SERVICES|INFORMATION TECHNOLOGY|December 06, 1988
Jackstones, Inc.|JAS|SERVICES|INFORMATION TECHNOLOGY|October 27, 1967
Jollibee Foods Corporation|JFC|INDUSTRIAL|FOOD, BEVERAGE & TOBACCO|July 14, 1993
Jollibee Foods Corporation Non-Voting Perpetual Series A Preferred Shares|JFCPA|INDUSTRIAL|FOOD, BEVERAGE & TOBACCO|October 14, 2021
Jollibee Foods Corporation Non-Voting Perpetual Series B Preferred Shares|JFCPB|INDUSTRIAL|FOOD, BEVERAGE & TOBACCO|October 14, 2021
JG Summit Holdings, Inc.|JGS|HOLDING FIRMS|HOLDING FIRMS|August 09, 1993
Jolliville Holdings Corporation|JOH|INDUSTRIAL|ELEC., ENERGY, POWER & WATER|June 17, 2002
The Keepers Holdings, Inc.|KEEPR|INDUSTRIAL|FOOD, BEVERAGE & TOBACCO|September 03, 1991
Keppel Philippines Properties, Inc.|KEP|PROPERTY|PROPERTY|September 11, 1989
Keppel Philippines Holdings, Inc. ``A``|KPH|HOLDING FIRMS|HOLDING FIRMS|August 26, 1987
Keppel Philippines Holdings, Inc. ``B``|KPHB|HOLDING FIRMS|HOLDING FIRMS|August 26, 1987
Kepwealth Property Phils., Inc.|KPPI|SME|SME|August 19, 2019
City & Land Developers, Incorporated|LAND|PROPERTY|PROPERTY|December 13, 1999
LBC Express Holdings, Inc.|LBC|SERVICES|TRANSPORTATION SERVICES|December 21, 2001
Lepanto Consolidated Mining Company ``A``|LC|MINING & OIL|MINING|April 30, 1947
Lepanto Consolidated Mining Company ``B``|LCB|MINING & OIL|MINING|April 30, 1947
Liberty Flour Mills, Inc.|LFM|INDUSTRIAL|FOOD, BEVERAGE & TOBACCO|April 25, 1985
LMG Corp.|LMG|INDUSTRIAL|CHEMICALS|January 07, 1986
Lodestar Investment Holdings Corporation|LODE|HOLDING FIRMS|HOLDING FIRMS|May 26, 1989
Pacific Online Systems Corporation|LOTO|SERVICES|CASINOS & GAMING|April 12, 2007
LFM Properties Corporation|LPC|SME|SME|November 09, 2022
Lopez Holdings Corporation|LPZ|HOLDING FIRMS|HOLDING FIRMS|November 25, 1993
Lorenzo Shipping Corporation|LSC|SERVICES|TRANSPORTATION SERVICES|July 22, 1996
LT Group, Inc.|LTG|HOLDING FIRMS|HOLDING FIRMS|November 07, 1947
Manila Mining Corporation ``A``|MA|MINING & OIL|MINING|December 17, 1959
Manila Mining Corporation ``B``|MAB|MINING & OIL|MINING|December 17, 1959
MacroAsia Corporation|MAC|SERVICES|TRANSPORTATION SERVICES|May 21, 1970
Macay Holdings, Inc.|MACAY|INDUSTRIAL|FOOD, BEVERAGE & TOBACCO|January 28, 1987
Metro Alliance Holdings & Equities Corp. ``A``|MAH|SERVICES|TRANSPORTATION SERVICES|December 08, 1947
Metro Alliance Holdings & Equities Corp. ``B``|MAHB|SERVICES|TRANSPORTATION SERVICES|December 08, 1947
Marcventures Holdings, Inc.|MARC|MINING & OIL|MINING|January 10, 1958
Max`s Group, Inc.|MAXS|INDUSTRIAL|FOOD, BEVERAGE & TOBACCO|December 15, 2000
Manila Bulletin Publishing Corporation|MB|SERVICES|MEDIA|April 18, 1990
Manila Broadcasting Company|MBC|SERVICES|MEDIA|October 08, 1949
Metropolitan Bank & Trust Company|MBT|FINANCIALS|BANKS|February 26, 1981
Medco Holdings, Inc.|MED|FINANCIALS|OTHER FINANCIAL INSTITUTIONS|November 18, 1975
Medilines Distributors Incorporated|MEDIC|SERVICES|OTHER SERVICES|December 07, 2021
Megaworld Corporation|MEG|PROPERTY|PROPERTY|June 15, 1994
Manila Electric Company|MER|INDUSTRIAL|ELEC., ENERGY, POWER & WATER|January 08, 1992
Manulife Financial Corporation|MFC|FINANCIALS|OTHER FINANCIAL INSTITUTIONS|September 27, 1999
Makati Finance Corporation|MFIN|SME|SME|January 06, 2003
Millennium Global Holdings, Inc.|MG|INDUSTRIAL|FOOD, BEVERAGE & TOBACCO|March 01, 1976
Metro Global Holdings Corporation|MGH|HOLDING FIRMS|HOLDING FIRMS|May 04, 1964
Mabuhay Holdings Corporation|MHC|HOLDING FIRMS|HOLDING FIRMS|October 22, 1990
Manila Jockey Club, Inc.|MJC|SERVICES|CASINOS & GAMING|October 11, 1963
MJC Investments Corporation|MJIC|SERVICES|CASINOS & GAMING|November 11, 1955
MerryMart Consumer Corp.|MM|SME|SME|June 15, 2020
Monde Nissin Corporation|MONDE|INDUSTRIAL|FOOD, BEVERAGE & TOBACCO|June 01, 2021
MRC Allied, Inc.|MRC|PROPERTY|PROPERTY|May 18, 1995
MREIT, Inc.|MREIT|PROPERTY|PROPERTY|October 01, 2021
Metro Retail Stores Group, Inc.|MRSGI|SERVICES|RETAIL|November 24, 2015
Mabuhay Vinyl Corporation|MVC|INDUSTRIAL|CHEMICALS|February 05, 1997
Manila Water Company, Inc.|MWC|INDUSTRIAL|ELEC., ENERGY, POWER & WATER|March 18, 2005
Megawide Construction Corporation|MWIDE|INDUSTRIAL|CONSTRUCTION, INFR. & ALLIED|February 18, 2011
Megawide Construction Corporation Perpetual Preferred Shares|MWP|INDUSTRIAL|CONSTRUCTION, INFR. & ALLIED|December 03, 2014
Megawide Construction Corporation Non-Voting Perpetual Series 2 Preferred Shares - Subseries ``2A``|MWP2A|INDUSTRIAL|CONSTRUCTION, INFR. & ALLIED|November 27, 2020
Megawide Construction Corporation Non-Voting Perpetual Series 2 Preferred Shares - Subseries ``2B``|MWP2B|INDUSTRIAL|CONSTRUCTION, INFR. & ALLIED|November 27, 2020
Megawide Construction Corporation Non-Voting Perpetual Series 4 Preferred Shares|MWP4|INDUSTRIAL|CONSTRUCTION, INFR. & ALLIED|October 29, 2021
Megawide Construction Corporation Non-Voting Perpetual Series 5 Preferred Shares|MWP5|INDUSTRIAL|CONSTRUCTION, INFR. & ALLIED|April 17, 2023
NiHAO Mineral Resources International, Inc.|NI|MINING & OIL|MINING|October 03, 1990
Nickel Asia Corporation|NIKL|MINING & OIL|MINING|November 22, 2010
Now Corporation|NOW|SERVICES|INFORMATION TECHNOLOGY|July 23, 2003
National Reinsurance Corporation of the Philippines|NRCP|FINANCIALS|OTHER FINANCIAL INSTITUTIONS|April 27, 2007
NextGenesis Corporation|NXGEN|FINANCIALS|BANKS|October 08, 1996
Omico Corporation|OM|PROPERTY|PROPERTY|May 02, 1969
Oriental Petroleum and Minerals Corporation ``A``|OPM|MINING & OIL|OIL|October 14, 1970
Oriental Petroleum and Minerals Corporation ``B``|OPMB|MINING & OIL|OIL|October 14, 1970
Oriental Peninsula Resources Group, Inc.|ORE|MINING & OIL|MINING|December 19, 2007
The Philodrill Corporation|OV|MINING & OIL|OIL|September 25, 1969
Pacifica Holdings, Inc.|PA|HOLDING FIRMS|HOLDING FIRMS|November 23, 1959
PAL Holdings, Inc.|PAL|SERVICES|TRANSPORTATION SERVICES|January 04, 1954
Paxys, Inc.|PAX|SERVICES|OTHER SERVICES|October 05, 1972
Philippine Business Bank, Inc., A Savings Bank|PBB|FINANCIALS|BANKS|February 19, 2013
Philippine Bank of Communications|PBC|FINANCIALS|BANKS|May 12, 1988
Petron Corporation|PCOR|INDUSTRIAL|ELEC., ENERGY, POWER & WATER|September 07, 1994
PICOP RESOURCES, INC.|PCP|||October 29, 1973
PetroEnergy Resources Corporation|PERC|INDUSTRIAL|ELEC., ENERGY, POWER & WATER|August 11, 2004
Puregold Price Club, Inc.|PGOLD|SERVICES|RETAIL|October 05, 2011
Premiere Horizon Alliance Corporation|PHA|SERVICES|OTHER SERVICES|May 05, 1997
Philcomsat Holdings Corporation|PHC|SERVICES|OTHER SERVICES|November 28, 1958
Philippine Estates Corporation|PHES|PROPERTY|PROPERTY|January 21, 1985
Phinma Corporation|PHN|INDUSTRIAL|CONSTRUCTION, INFR. & ALLIED|August 18, 1958
PH Resorts Group Holdings, Inc.|PHR|SERVICES|CASINOS & GAMING|November 24, 2011
Shakey`s Pizza Asia Ventures Inc.|PIZZA|INDUSTRIAL|FOOD, BEVERAGE & TOBACCO|December 15, 2016
Premium Leisure Corp.|PLC|SERVICES|CASINOS & GAMING|August 28, 1995
DigiPlus Interactive Corp.|PLUS|SERVICES|CASINOS & GAMING|April 17, 1958
Panasonic Manufacturing Philippines Corporation|PMPC|INDUSTRIAL|ELECTRICAL COMPONENTS & EQUIP.|January 21, 1983
Philippine National Bank|PNB|FINANCIALS|BANKS|June 21, 1989
Philippine National Construction Corporation|PNC|INDUSTRIAL|CONSTRUCTION, INFR. & ALLIED|March 13, 1974
P-H-O-E-N-I-X PETROLEUM PHILIPPINES, INC.|PNX|INDUSTRIAL|ELEC., ENERGY, POWER & WATER|July 11, 2007
P-H-O-E-N-I-X PETROLEUM PHILIPPINES, INC. Non-Voting Perpetual - Series ``3A`` Preferred Shares|PNX3A|INDUSTRIAL|ELEC., ENERGY, POWER & WATER|December 18, 2015
P-H-O-E-N-I-X PETROLEUM PHILIPPINES, INC. Non-Voting Perpetual - Series ``3B`` Preferred Shares|PNX3B|INDUSTRIAL|ELEC., ENERGY, POWER & WATER|December 18, 2015
P-H-O-E-N-I-X PETROLEUM PHILIPPINES, INC. Non-Voting Perpetual Preferred Shares Series ``4``|PNX4|INDUSTRIAL|ELEC., ENERGY, POWER & WATER|November 07, 2019
P-H-O-E-N-I-X PETROLEUM PHILIPPINES, INC. Non-Voting Perpetual Preferred Shares|PNXP|INDUSTRIAL|ELEC., ENERGY, POWER & WATER|January 08, 2015
Globalport 900, Inc.|PORT|SERVICES|TRANSPORTATION SERVICES|June 09, 1948
Pryce Corporation|PPC|INDUSTRIAL|CHEMICALS|October 29, 1991
Philippine Racing Club, Inc.|PRC|SERVICES|CASINOS & GAMING|March 02, 1952
Premiere Island Power REIT Corporation|PREIT|PROPERTY|PROPERTY|December 15, 2022
Petron Corporation Perpetual Preferred Shares Series ``2`` -Subseries ``2A``|PRF2A|INDUSTRIAL|ELEC., ENERGY, POWER & WATER|November 03, 2014
Petron Corporation Perpetual Preferred Shares Series ``2`` -Subseries ``2B``|PRF2B|INDUSTRIAL|ELEC., ENERGY, POWER & WATER|November 03, 2014
Petron Corporation Perpetual Preferred Shares Series ``3`` -Subseries ``3A``|PRF3A|INDUSTRIAL|ELEC., ENERGY, POWER & WATER|June 25, 2019
Petron Corporation Perpetual Preferred Shares Series ``3`` -Subseries ``3B``|PRF3B|INDUSTRIAL|ELEC., ENERGY, POWER & WATER|June 25, 2019
Petron Corporation Non-Voting Perpetual Series 4A Preferred Shares|PRF4A|INDUSTRIAL|ELEC., ENERGY, POWER & WATER|July 07, 2023
Petron Corporation Non-Voting Perpetual Series 4B Preferred Shares|PRF4B|INDUSTRIAL|ELEC., ENERGY, POWER & WATER|July 07, 2023
Petron Corporation Non-Voting Perpetual Series 4C Preferred Shares|PRF4C|INDUSTRIAL|ELEC., ENERGY, POWER & WATER|July 07, 2023
Prime Media Holdings, Inc.|PRIM|HOLDING FIRMS|HOLDING FIRMS|July 29, 1964
Primex Corporation|PRMX|PROPERTY|PROPERTY|August 10, 2001
Philippine Savings Bank|PSB|FINANCIALS|BANKS|October 10, 1994
The Philippine Stock Exchange, Inc.|PSE|FINANCIALS|OTHER FINANCIAL INSTITUTIONS|December 15, 2003
Philippine Trust Company|PTC|FINANCIALS|BANKS|February 17, 1988
Philippine Telegraph and Telephone Corporation|PTT|SERVICES|TELECOMMUNICATIONS|January 10, 1990
Philex Mining Corporation|PX|MINING & OIL|MINING|November 23, 1956
PXP Energy Corporation|PXP|MINING & OIL|OIL|September 12, 2011
Rizal Commercial Banking Corporation|RCB|FINANCIALS|BANKS|November 06, 1986
Roxas and Company, Inc.|RCI|INDUSTRIAL|FOOD, BEVERAGE & TOBACCO|November 29, 1948
RL Commercial REIT, Inc.|RCR|PROPERTY|PROPERTY|September 14, 2021
Repower Energy Development Corporation|REDC|INDUSTRIAL|ELEC., ENERGY, POWER & WATER|July 24, 2023
Republic Glass Holdings Corporation|REG|HOLDING FIRMS|HOLDING FIRMS|July 17, 1959
RFM Corporation|RFM|INDUSTRIAL|FOOD, BEVERAGE & TOBACCO|February 21, 1966
Robinsons Land Corporation|RLC|PROPERTY|PROPERTY|October 16, 1989
Philippine Realty and Holdings Corporation|RLT|PROPERTY|PROPERTY|September 07, 1987
Rockwell Land Corporation|ROCK|PROPERTY|PROPERTY|May 11, 2012
Roxas Holdings, Inc.|ROX|INDUSTRIAL|FOOD, BEVERAGE & TOBACCO|August 08, 1996
Robinsons Retail Holdings, Inc.|RRHI|SERVICES|RETAIL|November 11, 2013
SBS Philippines Corporation|SBS|SERVICES|OTHER SERVICES|August 10, 2015
Semirara Mining and Power Corporation|SCC|MINING & OIL|MINING|November 28, 1983
Security Bank Corporation|SECB|FINANCIALS|BANKS|June 08, 1995
Philippine Seven Corporation|SEVN|SERVICES|RETAIL|February 04, 1998
Swift Foods, Inc.|SFI|INDUSTRIAL|FOOD, BEVERAGE & TOBACCO|November 15, 1994
Swift Foods, Inc. Convertible Preferred|SFIP|INDUSTRIAL|FOOD, BEVERAGE & TOBACCO|March 17, 2000
Solid Group, Inc.|SGI|HOLDING FIRMS|HOLDING FIRMS|April 26, 1948
Synergy Grid & Development Phils., Inc.|SGP|INDUSTRIAL|ELEC., ENERGY, POWER & WATER|May 10, 1972
Shell Pilipinas Corporation|SHLPH|INDUSTRIAL|ELEC., ENERGY, POWER & WATER|November 03, 2016
Shang Properties, Inc.|SHNG|PROPERTY|PROPERTY|June 13, 1991
Sun Life Financial Inc.|SLF|FINANCIALS|OTHER FINANCIAL INSTITUTIONS|March 24, 2000
Sta. Lucia Land, Inc.|SLI|PROPERTY|PROPERTY|September 14, 1987
SM Investments Corporation|SM|HOLDING FIRMS|HOLDING FIRMS|March 22, 2005
San Miguel Corporation|SMC|HOLDING FIRMS|HOLDING FIRMS|November 05, 1948
San Miguel Corporation Series ``2`` Preferred Shares - Subseries ``2-A``|SMC2A|HOLDING FIRMS|HOLDING FIRMS|September 28, 2012
San Miguel Corporation Series ``2`` Preferred Shares - Subseries ``2-B``|SMC2B|HOLDING FIRMS|HOLDING FIRMS|September 28, 2012
San Miguel Corporation Series ``2`` Preferred Shares - Subseries ``2-C``|SMC2C|HOLDING FIRMS|HOLDING FIRMS|September 28, 2012
San Miguel Corporation Series ``2`` Preferred Shares - Subseries ``2-D``|SMC2D|HOLDING FIRMS|HOLDING FIRMS|September 21, 2015
San Miguel Corporation Series ``2`` Preferred Shares - Subseries ``2-E``|SMC2E|HOLDING FIRMS|HOLDING FIRMS|September 21, 2015
San Miguel Corporation Series ``2`` Preferred Shares - Subseries ``2-F``|SMC2F|HOLDING FIRMS|HOLDING FIRMS|September 21, 2015
San Miguel Corporation Series ``2`` Preferred Shares - Subseries ``2-G``|SMC2G|HOLDING FIRMS|HOLDING FIRMS|March 30, 2016
San Miguel Corporation Series ``2`` Preferred Shares - Subseries ``2-H``|SMC2H|HOLDING FIRMS|HOLDING FIRMS|March 30, 2016
San Miguel Corporation Series ``2`` Preferred Shares - Subseries ``2-I``|SMC2I|HOLDING FIRMS|HOLDING FIRMS|March 30, 2016
San Miguel Corporation Series ``2`` Preferred Shares - Subseries ``2-J``|SMC2J|HOLDING FIRMS|HOLDING FIRMS|October 29, 2020
San Miguel Corporation Series ``2`` Preferred Shares - Subseries ``2-K``|SMC2K|HOLDING FIRMS|HOLDING FIRMS|December 10, 2020
San Miguel Corporation Series 2 Preferred Shares – Subseries ``2L``|SMC2L|HOLDING FIRMS|HOLDING FIRMS|December 01, 2023
San Miguel Corporation Series ``2`` Preferred Shares - Subseries ``2-M``|SMC2M|HOLDING FIRMS|HOLDING FIRMS|August 29, 2023
San Miguel Corporation Series 2 Preferred Shares – Subseries ``2N``|SMC2N|HOLDING FIRMS|HOLDING FIRMS|December 01, 2023
San Miguel Corporation Series 2 Preferred Shares – Subseries ``2O``|SMC2O|HOLDING FIRMS|HOLDING FIRMS|December 01, 2023
San Miguel Corporation - Preferred Series ``1``|SMCP1|HOLDING FIRMS|HOLDING FIRMS|December 08, 2010
SM Prime Holdings, Inc.|SMPH|PROPERTY|PROPERTY|July 05, 1994
SOCResources, Inc.|SOC|PROPERTY|PROPERTY|January 05, 1994
SPC Power Corporation|SPC|INDUSTRIAL|ELEC., ENERGY, POWER & WATER|April 02, 2002
Seafront Resources Corporation|SPM|HOLDING FIRMS|HOLDING FIRMS|May 07, 1974
SP New Energy Corporation|SPNEC|INDUSTRIAL|ELEC., ENERGY, POWER & WATER|December 17, 2021
Supercity Realty Development Corporation|SRDC|INDUSTRIAL|CONSTRUCTION, INFR. & ALLIED|December 19, 2003
SSI Group, Inc.|SSI|SERVICES|RETAIL|November 07, 2014
SFA Semicon Philippines Corporation|SSP|INDUSTRIAL|ELECTRICAL COMPONENTS & EQUIP.|December 01, 2014
STI Education Systems Holdings, Inc.|STI|SERVICES|EDUCATION|October 12, 1976
Steniel Manufacturing Corporation|STN|INDUSTRIAL|OTHER INDUSTRIALS|November 22, 1993
Vistamalls, Inc.|STR|PROPERTY|PROPERTY|November 17, 1970
Suntrust Resort Holdings, Inc.|SUN|PROPERTY|PROPERTY|February 11, 1959
TKC Metals Corporation|T|INDUSTRIAL|CONSTRUCTION, INFR. & ALLIED|July 20, 2001
Transpacific Broadband Group Int`l. Inc.|TBGI|SERVICES|INFORMATION TECHNOLOGY|December 12, 2003
Cirtek Holdings Philippines Corporation Preferred B-2 Subseries ``A`` Shares|TCB2A|INDUSTRIAL|ELECTRICAL COMPONENTS & EQUIP.|December 08, 2017
Cirtek Holdings Philippines Corporation Preferred B-2 Subseries ``B`` Shares|TCB2B|INDUSTRIAL|ELECTRICAL COMPONENTS & EQUIP.|February 02, 2021
Cirtek Holdings Philippines Corporation Preferred B-2 Subseries C Shares|TCB2C|INDUSTRIAL|ELECTRICAL COMPONENTS & EQUIP.|December 14, 2021
Cirtek Holdings Philippines Corporation Preferred B-2 Subseries D Shares|TCB2D|INDUSTRIAL|ELECTRICAL COMPONENTS & EQUIP.|December 14, 2021
Cirtek Holdings Philippines Corporation|TECH|INDUSTRIAL|ELECTRICAL COMPONENTS & EQUIP.|November 18, 2011
Cirtek Holdings Philippines Corporation Bonus Detachable Warrants|TECHW|INDUSTRIAL|ELECTRICAL COMPONENTS & EQUIP.|August 16, 2021
PLDT Inc.|TEL|SERVICES|TELECOMMUNICATIONS|September 17, 1953
PTFC Redevelopment Corporation|TFC|PROPERTY|PROPERTY|December 19, 1955
Top Frontier Investment Holdings, Inc.|TFHI|HOLDING FIRMS|HOLDING FIRMS|January 13, 2014
PLDT Inc. Convertible Preferred Shares Series ``II``|TLII|SERVICES|TELECOMMUNICATIONS|October 15, 2014
PLDT Inc. Convertible Preferred Shares Series ``JJ``|TLJJ|SERVICES|TELECOMMUNICATIONS|January 21, 2016
Harbor Star Shipping Services, Inc.|TUGS|SERVICES|TRANSPORTATION SERVICES|October 30, 2013
Union Bank of the Philippines|UBP|FINANCIALS|BANKS|June 29, 1992
UNIOIL RESOURCES & HOLDINGS COMPANY, INC.|UNI|||July 27, 1987
United Paragon Mining Corporation|UPM|MINING & OIL|MINING|August 31, 1972
Upson International Corp.|UPSON|SERVICES|RETAIL|April 03, 2023
Universal Robina Corporation|URC|INDUSTRIAL|FOOD, BEVERAGE & TOBACCO|March 25, 1994
Vantage Equities, Inc.|V|FINANCIALS|OTHER FINANCIAL INSTITUTIONS|March 30, 1993
Vitarich Corporation|VITA|INDUSTRIAL|FOOD, BEVERAGE & TOBACCO|February 08, 1995
Vista Land & Lifescapes, Inc.|VLL|PROPERTY|PROPERTY|June 25, 2007
Victorias Milling Company, Inc.|VMC|INDUSTRIAL|FOOD, BEVERAGE & TOBACCO|November 15, 1993
VistaREIT, Inc.|VREIT|PROPERTY|PROPERTY|June 15, 2022
Vivant Corporation|VVT|INDUSTRIAL|ELEC., ENERGY, POWER & WATER|June 23, 1994
Philweb Corporation|WEB|SERVICES|CASINOS & GAMING|December 08, 1969
Wellex Industries, Inc.|WIN|HOLDING FIRMS|HOLDING FIRMS|January 09, 1958
Wilcon Depot, Inc.|WLCON|SERVICES|RETAIL|March 31, 2017
Waterfront Philippines, Incorporated|WPI|SERVICES|HOTEL & LEISURE|March 17, 1995
Xurpas Inc.|X|SME|SME|December 02, 2014
Zeus Holdings, Inc.|ZHI|HOLDING FIRMS|HOLDING FIRMS|July 15, 1991
